"_raw","_time",app,"change_type","date_hour","date_mday","date_minute","date_month","date_second","date_wday","date_year","date_zone",encoding,eventtype,host,index,linecount,product,punct,range,source,sourcetype,"splunk_server","splunk_server_group",standalone,status,tag,"tag::app","tag::eventtype","tag::host",timeendpos,timestartpos,uuid,vendor,version,xmlns
"2016-08-29 05:42:20,342 | INFO  |  | SOAPLoggingHandler.log():138 - <?xml version=""1.0"" encoding=""UTF-8"" standalone=""yes""?><DocumentSearchRequest xmlns=""http://feds.fiserv.com/FEDServiceLib""><UUID>14724673398725938513830195833MOB0000</UUID><Criteria><Name>Drawer</Name><Value>3082</Value></Criteria><Criteria><Name>Key1 Member Id</Name><Value>593851383</Value></Criteria><Criteria><Name>Key2 Group Number</Name><Value>0195833</Value></Criteria><Criteria><Name>Key5 Seqnbr</Name><Value>00</Value></Criteria></DocumentSearchRequest>","2016-08-29T05:42:20.342-0500",,,5,29,42,august,20,monday,2016,local,"UTF-8","nix-all-logs","awhp010b.psc-uhg",hosted,1,,"--_::,_|___|__|_.():_-_<?_="".""_=""-""_=""""?><_=""://..",,"/opt/glassfish/glassfish/domains/psc-uhg-standalone-feds/logs/UHG-FEDS.log","web_feds","splunk.corp.epsiia.com",,yes,,,,,,24,0,14724673398725938513830195833MOB0000,,"1.0","http://feds.fiserv.com/FEDServiceLib"
"2016-08-29 05:42:15,660 | INFO  |  | SOAPLoggingHandler.log():138 - <?xml version=""1.0"" encoding=""UTF-8"" standalone=""yes""?><DocumentSearchRequest xmlns=""http://feds.fiserv.com/FEDServiceLib""><UUID>1472467335141200500800204683MYUHC000</UUID><Criteria><Name>Drawer</Name><Value>3107</Value></Criteria><Criteria><Name>Key1 Member Id</Name><Value>200500800</Value></Criteria><Criteria><Name>Key2 Group Number</Name><Value>204683</Value></Criteria><Criteria><Name>Key5 Seqnbr</Name><Value>00</Value></Criteria></DocumentSearchRequest>","2016-08-29T05:42:15.660-0500",,,5,29,42,august,15,monday,2016,local,"UTF-8","nix-all-logs","awhp010a.psc-uhg",hosted,1,,"--_::,_|___|__|_.():_-_<?_="".""_=""-""_=""""?><_=""://..",,"/opt/glassfish/glassfish/domains/psc-uhg-standalone-feds/logs/UHG-FEDS.log","web_feds","splunk.corp.epsiia.com",,yes,,,,,,24,0,1472467335141200500800204683MYUHC000,,"1.0","http://feds.fiserv.com/FEDServiceLib"
"2016-08-29 05:41:41,132 | INFO  |  | SOAPLoggingHandler.log():138 - <?xml version=""1.0"" encoding=""UTF-8"" standalone=""yes""?><DocumentSearchRequest xmlns=""http://feds.fiserv.com/FEDServiceLib""><UUID>14724673010610197419821800727MYUHC00</UUID><Criteria><Name>Drawer</Name><Value>3082</Value></Criteria><Criteria><Name>Key1 Member Id</Name><Value>019741982</Value></Criteria><Criteria><Name>Key2 Group Number</Name><Value>1800727</Value></Criteria><Criteria><Name>Key5 Seqnbr</Name><Value>00</Value></Criteria></DocumentSearchRequest>","2016-08-29T05:41:41.132-0500",,,5,29,41,august,41,monday,2016,local,"UTF-8","nix-all-logs","awhp010a.psc-uhg",hosted,1,,"--_::,_|___|__|_.():_-_<?_="".""_=""-""_=""""?><_=""://..",,"/opt/glassfish/glassfish/domains/psc-uhg-standalone-feds/logs/UHG-FEDS.log","web_feds","splunk.corp.epsiia.com",,yes,,,,,,24,0,14724673010610197419821800727MYUHC00,,"1.0","http://feds.fiserv.com/FEDServiceLib"
"2016-08-29 05:41:40,939 | INFO  |  | SOAPLoggingHandler.log():138 - <?xml version=""1.0"" encoding=""UTF-8"" standalone=""yes""?><DocumentSearchRequest xmlns=""http://feds.fiserv.com/FEDServiceLib""><UUID>14724673004220197419821800727MYUHC00</UUID><Criteria><Name>Drawer</Name><Value>3082</Value></Criteria><Criteria><Name>Key1 Member Id</Name><Value>019741982</Value></Criteria><Criteria><Name>Key2 Group Number</Name><Value>1800727</Value></Criteria><Criteria><Name>Key5 Seqnbr</Name><Value>00</Value></Criteria></DocumentSearchRequest>","2016-08-29T05:41:40.939-0500",,,5,29,41,august,40,monday,2016,local,"UTF-8","nix-all-logs","awhp010a.psc-uhg",hosted,1,,"--_::,_|___|__|_.():_-_<?_="".""_=""-""_=""""?><_=""://..",,"/opt/glassfish/glassfish/domains/psc-uhg-standalone-feds/logs/UHG-FEDS.log","web_feds","splunk.corp.epsiia.com",,yes,,,,,,24,0,14724673004220197419821800727MYUHC00,,"1.0","http://feds.fiserv.com/FEDServiceLib"
"2016-08-29 05:41:26,704 | INFO  |  | SOAPLoggingHandler.log():138 - <?xml version=""1.0"" encoding=""UTF-8"" standalone=""yes""?><DocumentSearchRequest xmlns=""http://feds.fiserv.com/FEDServiceLib""><UUID>14724672863048197419821800727ODIN000</UUID><Criteria><Name>Drawer</Name><Value>3082</Value></Criteria><Criteria><Name>Key1 Member Id</Name><Value>819741982</Value></Criteria><Criteria><Name>Key2 Group Number</Name><Value>1800727</Value></Criteria><Criteria><Name>Key5 Seqnbr</Name><Value>00</Value></Criteria><Criteria><Name>Key6 Effective Date</Name><Value>20160829</Value><Operator>LessThan</Operator></Criteria></DocumentSearchRequest>","2016-08-29T05:41:26.704-0500",,,5,29,41,august,26,monday,2016,local,"UTF-8","nix-all-logs","awhp010b.psc-uhg",hosted,1,,"--_::,_|___|__|_.():_-_<?_="".""_=""-""_=""""?><_=""://..",,"/opt/glassfish/glassfish/domains/psc-uhg-standalone-feds/logs/UHG-FEDS.log","web_feds","splunk.corp.epsiia.com",,yes,,,,,,24,0,14724672863048197419821800727ODIN000,,"1.0","http://feds.fiserv.com/FEDServiceLib"
"2016-08-29 05:41:18,721 | INFO  |  | SOAPLoggingHandler.log():138 - <?xml version=""1.0"" encoding=""UTF-8"" standalone=""yes""?><DocumentSearchRequest xmlns=""http://feds.fiserv.com/FEDServiceLib""><UUID>14724672786520627006570902999H4ME000</UUID><Criteria><Name>Drawer</Name><Value>3082</Value></Criteria><Criteria><Name>Key1 Member Id</Name><Value>062700657</Value></Criteria><Criteria><Name>Key2 Group Number</Name><Value>0902999</Value></Criteria><Criteria><Name>Key5 Seqnbr</Name><Value>01</Value></Criteria></DocumentSearchRequest>","2016-08-29T05:41:18.721-0500",,,5,29,41,august,18,monday,2016,local,"UTF-8","nix-all-logs","awhp010b.psc-uhg",hosted,1,,"--_::,_|___|__|_.():_-_<?_="".""_=""-""_=""""?><_=""://..",,"/opt/glassfish/glassfish/domains/psc-uhg-standalone-feds/logs/UHG-FEDS.log","web_feds","splunk.corp.epsiia.com",,yes,,,,,,24,0,14724672786520627006570902999H4ME000,,"1.0","http://feds.fiserv.com/FEDServiceLib"
"2016-08-29 05:41:04,467 | INFO  |  | SOAPLoggingHandler.log():138 - <?xml version=""1.0"" encoding=""UTF-8"" standalone=""yes""?><DocumentSearchRequest xmlns=""http://feds.fiserv.com/FEDServiceLib""><UUID>14724672643930197419821800727H4ME000</UUID><Criteria><Name>Drawer</Name><Value>3082</Value></Criteria><Criteria><Name>Key1 Member Id</Name><Value>019741982</Value></Criteria><Criteria><Name>Key2 Group Number</Name><Value>1800727</Value></Criteria><Criteria><Name>Key5 Seqnbr</Name><Value>00</Value></Criteria></DocumentSearchRequest>","2016-08-29T05:41:04.467-0500",,,5,29,41,august,4,monday,2016,local,"UTF-8","nix-all-logs","awhp010a.psc-uhg",hosted,1,,"--_::,_|___|__|_.():_-_<?_="".""_=""-""_=""""?><_=""://..",,"/opt/glassfish/glassfish/domains/psc-uhg-standalone-feds/logs/UHG-FEDS.log","web_feds","splunk.corp.epsiia.com",,yes,,,,,,24,0,14724672643930197419821800727H4ME000,,"1.0","http://feds.fiserv.com/FEDServiceLib"
"2016-08-29 05:41:02,447 | INFO  |  | SOAPLoggingHandler.log():138 - <?xml version=""1.0"" encoding=""UTF-8"" standalone=""yes""?><DocumentSearchRequest xmlns=""http://feds.fiserv.com/FEDServiceLib""><UUID>14724672623520197419821800727H4ME000</UUID><Criteria><Name>Drawer</Name><Value>3082</Value></Criteria><Criteria><Name>Key1 Member Id</Name><Value>019741982</Value></Criteria><Criteria><Name>Key2 Group Number</Name><Value>1800727</Value></Criteria><Criteria><Name>Key5 Seqnbr</Name><Value>00</Value></Criteria></DocumentSearchRequest>","2016-08-29T05:41:02.447-0500",,,5,29,41,august,2,monday,2016,local,"UTF-8","nix-all-logs","awhp010a.psc-uhg",hosted,1,,"--_::,_|___|__|_.():_-_<?_="".""_=""-""_=""""?><_=""://..",,"/opt/glassfish/glassfish/domains/psc-uhg-standalone-feds/logs/UHG-FEDS.log","web_feds","splunk.corp.epsiia.com",,yes,,,,,,24,0,14724672623520197419821800727H4ME000,,"1.0","http://feds.fiserv.com/FEDServiceLib"
"2016-08-29 05:41:02,352 | INFO  |  | SOAPLoggingHandler.log():138 - <?xml version=""1.0"" encoding=""UTF-8"" standalone=""yes""?><DocumentSearchRequest xmlns=""http://feds.fiserv.com/FEDServiceLib""><UUID>14724672618730197419821800727H4ME000</UUID><Criteria><Name>Drawer</Name><Value>3082</Value></Criteria><Criteria><Name>Key1 Member Id</Name><Value>019741982</Value></Criteria><Criteria><Name>Key2 Group Number</Name><Value>1800727</Value></Criteria><Criteria><Name>Key5 Seqnbr</Name><Value>00</Value></Criteria></DocumentSearchRequest>","2016-08-29T05:41:02.352-0500",,,5,29,41,august,2,monday,2016,local,"UTF-8","nix-all-logs","awhp010b.psc-uhg",hosted,1,,"--_::,_|___|__|_.():_-_<?_="".""_=""-""_=""""?><_=""://..",,"/opt/glassfish/glassfish/domains/psc-uhg-standalone-feds/logs/UHG-FEDS.log","web_feds","splunk.corp.epsiia.com",,yes,,,,,,24,0,14724672618730197419821800727H4ME000,,"1.0","http://feds.fiserv.com/FEDServiceLib"